MAE_Susceptible,MAE_Infected,MAE_Recovered,MAE_Deceased,MSE_Susceptible,MSE_Infected,MSE_Recovered,MSE_Deceased,MASE_Susceptible,MASE_Infected,MASE_Recovered,MASE_Deceased,Forecast_Bias_Susceptible,Forecast_Bias_Infected,Forecast_Bias_Recovered,Forecast_Bias_Deceased
3333.675717920634,7754.918109465875,2253.1500493671697,54.39827037327313,45387140.54079993,145710957.23214835,13676063.20240482,13639.27021571946,2.6475181272854242,5.348565323955979,1.31490380734559,0.4747617201131765,2909.4568884040564,-7331.59253538486,-782.0339258889891,9.364520430070755
