MAE_Susceptible,MAE_Infected,MAE_Recovered,MAE_Deceased,MSE_Susceptible,MSE_Infected,MSE_Recovered,MSE_Deceased,MASE_Susceptible,MASE_Infected,MASE_Recovered,MASE_Deceased,Forecast_Bias_Susceptible,Forecast_Bias_Infected,Forecast_Bias_Recovered,Forecast_Bias_Deceased
336544.9486354227,122991.75411108365,214336.89864737875,3928.1781073546017,376017754566.65594,40814856657.031075,175736293199.4384,66876033.92909525,42.12730137209506,29.113661003757606,36.91823629814445,23.19506621008182,335769.53640127985,-122637.09816767245,-212270.60537346159,-3890.511561264822
