MAE_Susceptible,MAE_Infected,MAE_Recovered,MAE_Deceased,MSE_Susceptible,MSE_Infected,MSE_Recovered,MSE_Deceased,MASE_Susceptible,MASE_Infected,MASE_Recovered,MASE_Deceased,Forecast_Bias_Susceptible,Forecast_Bias_Infected,Forecast_Bias_Recovered,Forecast_Bias_Deceased
3334.591748454985,7753.2757773451685,2253.1417938785107,54.332713956288394,45399265.71419142,145681759.51186752,13673895.519598674,13625.354294070796,2.6482456147947233,5.347432607851536,1.314898989569041,0.4741895755012511,2910.1897128315372,-7330.770485945452,-783.0533360991317,9.315334480643273
