MAE_Susceptible,MAE_Infected,MAE_Recovered,MAE_Deceased,MSE_Susceptible,MSE_Infected,MSE_Recovered,MSE_Deceased,MASE_Susceptible,MASE_Infected,MASE_Recovered,MASE_Deceased,Forecast_Bias_Susceptible,Forecast_Bias_Infected,Forecast_Bias_Recovered,Forecast_Bias_Deceased
91028.86145303979,92200.94696425628,49507.158764619024,1223.2958242165441,57113081841.106766,29867025699.0726,14994721533.718618,7512779.015453793,11.394615475703107,21.825098223401056,8.527309097295788,7.223304764133485,87139.62335780157,-91729.47397053805,-23239.774325020324,607.406762598814
