MAE_Susceptible,MAE_Infected,MAE_Recovered,MAE_Deceased,MSE_Susceptible,MSE_Infected,MSE_Recovered,MSE_Deceased,MASE_Susceptible,MASE_Infected,MASE_Recovered,MASE_Deceased,Forecast_Bias_Susceptible,Forecast_Bias_Infected,Forecast_Bias_Recovered,Forecast_Bias_Deceased
84151.12132167157,86099.2079903881,39110.29729560472,1025.5530836218416,58794777944.74361,26221986652.726353,9168180326.524508,5994264.119464396,10.360009006674357,19.640185875774492,6.523500248393308,6.4951089338365176,80950.68800777449,-85194.07508184522,-18650.274866527423,192.6428491709182
