MAE_Susceptible,MAE_Infected,MAE_Recovered,MAE_Deceased,MSE_Susceptible,MSE_Infected,MSE_Recovered,MSE_Deceased,MASE_Susceptible,MASE_Infected,MASE_Recovered,MASE_Deceased,Forecast_Bias_Susceptible,Forecast_Bias_Infected,Forecast_Bias_Recovered,Forecast_Bias_Deceased
6971.588951628022,42402.84771220062,6743.7444760390845,117.62017302783258,165980766.16374385,5068895232.333769,115232833.06644262,37116.055488706894,0.8726746011147513,10.037275610948605,1.1615692569589302,0.6945224036338681,1008.6194052323993,-42006.04735554301,326.7253394396827,8.334651371047318
