MAE_Susceptible,MAE_Infected,MAE_Recovered,MAE_Deceased,MSE_Susceptible,MSE_Infected,MSE_Recovered,MSE_Deceased,MASE_Susceptible,MASE_Infected,MASE_Recovered,MASE_Deceased,Forecast_Bias_Susceptible,Forecast_Bias_Infected,Forecast_Bias_Recovered,Forecast_Bias_Deceased
354079.9446452867,125540.504444204,241312.74717315505,4631.337411169826,395663393487.6648,41695130454.12974,194778310133.3978,76915045.12314534,43.59147398150275,28.637183776393368,40.25036563200607,29.33152995714885,353687.1614771622,-124597.57145859905,-239517.8377448443,-4618.3545918367345
