MAE_Susceptible,MAE_Infected,MAE_Recovered,MAE_Deceased,MSE_Susceptible,MSE_Infected,MSE_Recovered,MSE_Deceased,MASE_Susceptible,MASE_Infected,MASE_Recovered,MASE_Deceased,Forecast_Bias_Susceptible,Forecast_Bias_Infected,Forecast_Bias_Recovered,Forecast_Bias_Deceased
7523.9209446381865,6224.229674116217,7774.33982534556,130.8918854953059,179882068.63888782,96868505.00597946,140718682.01185402,31144.5973026615,6.9138555041965795,3.922678772553176,4.259917655136803,1.4841170645208912,7454.152071234838,-5877.409140821598,-7141.054528447914,-105.66417819033116
