MAE_Susceptible,MAE_Infected,MAE_Recovered,MAE_Deceased,MSE_Susceptible,MSE_Infected,MSE_Recovered,MSE_Deceased,MASE_Susceptible,MASE_Infected,MASE_Recovered,MASE_Deceased,Forecast_Bias_Susceptible,Forecast_Bias_Infected,Forecast_Bias_Recovered,Forecast_Bias_Deceased
7700.888579171424,146987.1200590399,37559.16429841754,3013.008728948897,103160252.94767398,23754640339.773216,1785646252.987438,15996952.565758914,7.076473993025094,135.0688977919677,43.68388908152355,34.16298614129004,5170.217111885245,-146987.1200590399,-26500.808053861783,371.38563443670125
