MAE_Susceptible,MAE_Infected,MAE_Recovered,MAE_Deceased,MSE_Susceptible,MSE_Infected,MSE_Recovered,MSE_Deceased,MASE_Susceptible,MASE_Infected,MASE_Recovered,MASE_Deceased,Forecast_Bias_Susceptible,Forecast_Bias_Infected,Forecast_Bias_Recovered,Forecast_Bias_Deceased
22035.207384219197,11193.484298931719,28245.3875719851,20252.77759327816,698066973.2350157,177070908.09741497,1030872106.1993779,423249097.40248233,0.048351441763085055,15.63419485885996,15.476944396205724,229.63602912732426,18624.66344306509,7156.925163176296,-15361.465360651378,20252.77759327816
