MAE_Susceptible,MAE_Infected,MAE_Recovered,MAE_Deceased,MSE_Susceptible,MSE_Infected,MSE_Recovered,MSE_Deceased,MASE_Susceptible,MASE_Infected,MASE_Recovered,MASE_Deceased,Forecast_Bias_Susceptible,Forecast_Bias_Infected,Forecast_Bias_Recovered,Forecast_Bias_Deceased
12263.123190088909,147093.4307805846,35652.86951264881,3557.8830370753485,249206533.03099006,24074579624.821957,1586281040.0881584,15954281.657032415,11.268786898519721,135.16658847382297,41.46673724830993,40.341041073033544,9185.111420828334,-147093.4307805846,-23585.825917809954,-1410.1913631496811
