MAE_Susceptible,MAE_Infected,MAE_Recovered,MAE_Deceased,MSE_Susceptible,MSE_Infected,MSE_Recovered,MSE_Deceased,MASE_Susceptible,MASE_Infected,MASE_Recovered,MASE_Deceased,Forecast_Bias_Susceptible,Forecast_Bias_Infected,Forecast_Bias_Recovered,Forecast_Bias_Deceased
332777.04891774897,122513.02421139774,231938.0748498463,3779.6359730113636,371602252884.5481,40983807921.28911,187022435238.5606,58680665.38218727,41.65565130695554,29.000339748096597,39.94993259620937,22.31795612318747,332393.6154526632,-121576.2787120771,-230552.72966854047,-3195.088937438241
